housing_id,housing_name,park_id,park_name,park_type,straight_m,walk_m,walk_sec,status
784,만리동예술인협동조합,1577,손기정체육공원,체육공원,289,420,335,ok
784,만리동예술인협동조합,1507,애오개도담어린이공원,어린이공원,325,653,554,ok
784,만리동예술인협동조합,1510,애오개어린이공원,어린이공원,328,500,408,ok
781,황학롯데캐슬(황학),1249,동묘공원,역사공원,383,552,490,ok
781,황학롯데캐슬(황학),894,우산각,어린이공원,415,733,687,ok
781,황학롯데캐슬(황학),739,뉴타운1구역,기타,459,704,556,ok
780,중림삼성(충정삼성),1577,손기정체육공원,체육공원,130,690,554,ok
780,중림삼성(충정삼성),1571,만리소공원(만리2구역2),소공원,303,875,674,ok
780,중림삼성(충정삼성),1572,만리2구역3(가칭)_만리1,소공원,303,875,674,ok
787,해든집(남대문 기부채납),134,새꿈어린이공원,어린이공원,265,391,315,ok
787,해든집(남대문 기부채납),143,두텁바위어린이공원,어린이공원,348,521,407,ok
787,해든집(남대문 기부채납),132,동자어린이공원,어린이공원,542,602,468,ok
778,하왕한진그랑빌(하왕1-2),1575,신당제11구역2(가칭),소공원,68,600,479,ok
778,하왕한진그랑빌(하왕1-2),1548,무학봉공원,근린공원,147,748,590,ok
778,하왕한진그랑빌(하왕1-2),1547,응봉공원,근린공원,147,748,590,ok
786,동대문역사문화공원역 166 tower,1551,쌍림어린이공원,어린이공원,117,186,170,ok
786,동대문역사문화공원역 166 tower,1565,쌍림동소공원,소공원,292,369,298,ok
786,동대문역사문화공원역 166 tower,1546,훈련원공원,근린공원,491,836,715,ok
785,서울역센트럴자이(만리2구역),1577,손기정체육공원,체육공원,126,244,216,ok
779,남산타운(신당3),141,응봉공원,근린공원,254,1152,906,ok
776,약수하이츠동아(신당4),1554,청구어린이공원,어린이공원,230,391,323,ok
777,신당삼성(신당5),1560,동화어린이공원,어린이공원,220,427,370,ok
782,래미안신당하이베르(신당6),1559,꿈누리어린이공원,어린이공원,65,253,198,ok
783,청구e-편한세상(신당7),1560,동화어린이공원,어린이공원,243,310,258,ok
37,더원역삼,821,역삼개나리공원,어린이공원,152,154,118,ok
24,역삼자이,868,역삼미소공원,소공원,54,120,96,ok
11,청담자이,760,청수근린공원,근린공원,142,239,199,ok
22,수서하니움,766,탄천근린공원,근린공원,112,208,155,ok
5,래미안그레이튼,777,길섶근린공원,근린공원,85,175,142,ok
4,신사삼지래미안,237,사평리,근린공원,432,843,851,ok
16,테헤란아이파크,880,개나리4차아파트소공원,소공원,118,180,158,ok
13,개나리에스케이뷰,796,역삼나들이소공원,소공원,38,37,30,ok
39,대치푸르지오써밋,886,대치구마을 1지구 소공원,소공원,262,417,302,ok
23,래미안대치팰리스,874,래미안대치팰리스소공원1,소공원,215,348,265,ok
36,강남센트럴아이파크,880,개나리4차아파트소공원,소공원,83,132,103,ok
41,개포자이프레지던스,883,개포17근린공원,근린공원,131,477,364,ok
19,경복논현아크로힐스,797,아크로힐스소공원,소공원,116,150,112,ok
40,디에이치퍼스티어아이파크,882,개포16근린공원,근린공원,61,62,43,ok
26,래미안개포루체하임(일원동현대),750,늘푸른근린공원,근린공원,202,289,241,ok
29,개포래미안포레스트(개포시영),882,개포16근린공원,근린공원,484,461,367,ok
32,디에이치포레센트(일원대우),750,늘푸른근린공원,근린공원,120,250,208,ok
31,디에이치자이 개포,834,예지공원,어린이공원,109,260,260,ok
14,도곡진달래(래미안도곡카운티),869,도곡햇살소공원,소공원,45,44,36,ok
38,선정릉역 모아엘가 퍼스트홈,797,아크로힐스소공원,소공원,311,402,318,ok
15,역삼동 공공원룸텔,771,싸리고개근린공원,근린공원,435,612,487,ok
42,도곡 더써밋타워,333,서초무지개,어린이공원,344,481,485,ok
1,대치1,835,한마음공원,어린이공원,84,337,285,ok
7,강남신동아파밀리에1단지(세곡리엔파크1단지),856,세곡천공원,어린이공원,42,59,71,ok
2,수서1-1단지,832,일원까치공원,어린이공원,281,358,293,ok
819,역세권 공공(강남구 삼성동 140-32외2),826,대치은행나무공원,어린이공원,539,823,711,ok
27,래미안블레스티지(개포주공2차),763,개포근린공원,근린공원,332,556,412,ok
34,래미안라클래시(상아2차),879,래미안라클래시소공원,소공원,43,173,127,ok
6,래미안그레이튼2차,793,다솜소공원,소공원,76,104,104,ok
33,르엘대치(대치제2지구),886,대치구마을 1지구 소공원,소공원,73,158,119,ok
30,세곡2보금자리 도시형생활주택(임대),854,아래방죽마을공원,어린이공원,390,480,345,ok
35,리스트강남(논현동 202-7),802,논현무궁화공원,어린이공원,306,309,222,ok
8,강남신동아파밀리에2단지(세곡리엔파크2단지),856,세곡천공원,어린이공원,193,249,222,ok
17,세곡2-3(래미안포레),877,솔밭소공원,소공원,148,325,271,ok
18,세곡2-4(강남한양수자인),877,솔밭소공원,소공원,434,570,545,ok
28,디에이치아너힐즈(개포주공3),881,개포문화공원,문화공원,232,349,278,ok
9,세곡리엔파크3단지,857,대왕공원,어린이공원,229,284,209,ok
10,세곡리엔파크4단지,856,세곡천공원,어린이공원,40,288,222,ok
12,강남데시앙파크(세곡리엔파크5단지),788,세곡동 근린공원1,근린공원,211,256,186,ok
3,수서6,847,수서개나리공원,어린이공원,49,51,42,ok
20,강남한신휴플러스6(세곡2-6),853,윗방죽마을공원,어린이공원,274,360,311,ok
21,강남한신휴플러스8(세곡2-8),854,아래방죽마을공원,어린이공원,297,475,358,ok
25,센트럴 IPARK(상아3차),782,학봉근린공원,근린공원,313,410,328,ok
91,고덕온빛채,690,말우물공원,어린이공원,328,427,401,ok
56,고덕아이파크,629,동자공원,근린공원,127,368,314,ok
64,고덕숲아이파크,655,명일공원,근린공원,138,246,198,ok
68,암사힐스테이트,671,광나루공원,어린이공원,132,260,209,ok
88,올림픽파크포레온,635,둔촌공원,어린이공원,766,1342,1047,ok
82,천호역한강리슈빌,685,화랑공원,어린이공원,94,99,76,ok
63,고덕래미안힐스테이트,627,까치공원,근린공원,142,199,188,ok
62,올림픽파크한양수자인,662,샛별공원,어린이공원,85,123,100,ok
73,고덕센트럴푸르지오(서울승합차고지),690,말우물공원,어린이공원,284,499,399,ok
92,그란츠 리버파크,679,천일골목공원,어린이공원,504,766,619,ok
85,천호역 효성해링턴타워,1697,풍납타이어,기타,125,251,223,ok
65,래미안 명일역 솔베뉴(삼익그린),653,고명공원,어린이공원,312,444,365,ok
86,강동 헤리티지 자이,664,무궁화공원,어린이공원,474,599,467,ok
57,고덕리엔파크1단지,690,말우물공원,어린이공원,253,341,289,ok
67,푸르내(서울리츠1호),651,능골공원,근린공원,212,231,200,ok
53,강일지구10단지(강일리버파크10단지),645,꿈터공원,어린이공원,185,232,196,ok
60,강일지구 11단지(행복주택),645,꿈터공원,어린이공원,210,261,220,ok
46,강일지구1단지(강일리버파크1단지),647,강일공원,근린공원,364,524,432,ok
79,강동 리엔파크 11단지,651,능골공원,근린공원,590,1101,818,ok
83,강동리엔파크13단지,651,능골공원,근린공원,759,1292,989,ok
80,강동 리엔파크 14단지,651,능골공원,근린공원,830,1391,1044,ok
84,힐데스하임천호(천호2),675,천사공원,어린이공원,299,462,383,ok
58,고덕리엔파크2단지,650,강덕공원,근린공원,134,224,173,ok
66,고덕 그라시움(고덕2),631,방죽공원,근린공원,336,707,603,ok
47,강일지구2단지(강일리버파크2단지),647,강일공원,근린공원,214,269,204,ok
61,강일2 도시형생활주택(준주거2)(임대),651,능골공원,근린공원,157,212,212,ok
72,고덕아르테온(고덕3),691,미리내공원,어린이공원,262,347,288,ok
59,고덕리엔파크3단지,693,게내공원,어린이공원,374,534,453,ok
48,강일지구3단지(강일리버파크3단지),643,꽃보라공원,어린이공원,57,233,187,ok
93,더샵강동센트럴시티(천호4),679,천일골목공원,어린이공원,283,347,292,ok
43,천호삼성(천호4),641,당말공원,어린이공원,197,352,278,ok
71,강동리버스트4단지(고덕4),647,강일공원,근린공원,485,814,658,ok
49,강일지구4단지(강일리버파크4단지),643,꽃보라공원,어린이공원,206,422,321,ok
69,고덕센트럴아이파크(고덕5),692,동자공원,어린이공원,185,230,191,ok
44,천호동아코아(천호5),685,화랑공원,어린이공원,270,422,363,ok
55,강일지구5단지(강일리버파크5단지),652,구름공원,어린이공원,218,327,233,ok
74,고덕강일공공주택지구6단지(임대),647,강일공원,근린공원,253,342,300,ok
81,고덕자이(고덕6),691,미리내공원,어린이공원,173,346,308,ok
45,천호태영(천호6),679,천일골목공원,어린이공원,298,459,380,ok
50,강일지구6단지(강일리버파크6단지),644,윤슬공원,어린이공원,30,196,150,ok
75,고덕강일공공주택지구7단지(임대),647,강일공원,근린공원,95,550,442,ok
70,롯데캐슬베네루체(고덕7),692,동자공원,어린이공원,257,368,341,ok
54,강일지구7단지(강일리버파크7단지),652,구름공원,어린이공원,184,257,212,ok
78,고덕강일공공주택지구8단지(임대),647,강일공원,근린공원,251,754,562,ok
51,강일지구8단지(강일리버파크8단지),648,벌말공원,근린공원,119,586,482,ok
76,고덕강일공공주택지구9단지(임대),648,벌말공원,근린공원,423,840,696,ok
52,강일지구9단지(강일리버파크9단지),648,벌말공원,근린공원,184,437,350,ok
90,길동생활 A동,665,희망공원,어린이공원,183,234,206,ok
89,길동생활 B동,665,희망공원,어린이공원,200,264,228,ok
77,e편한세상강동에코포레(신동아3차),664,무궁화공원,어린이공원,275,379,364,ok
87,강동밀레니얼 중흥S-클래스(천호1),685,화랑공원,어린이공원,215,333,268,ok
103,수유장기전세(프레비스타),1445,빨래골,어린이공원,204,263,226,ok
109,초행지붕(수유),1444,무너미,어린이공원,164,235,180,ok
101,송천동부(미아10-1),1454,미아5구역,소공원,30,136,132,ok
96,미아벽산(미아1-2),1414,하늘,어린이공원,323,452,365,ok
107,미아동 159-29 행복주택(빈집정비),1410,세일,어린이공원,41,101,79,ok
99,래미안트리베라1차(래미안트리베라6),1451,미아12-2,소공원,124,358,303,ok
94,래미안수유(수유2),1434,흰구름,어린이공원,211,271,238,ok
100,래미안트리베라2차(래미안트리베라12),1451,미아12-2,소공원,77,258,213,ok
110,북서울자이폴라리스(미아3),1418,늘푸른,소공원,178,275,204,ok
104,꿈의숲 롯데캐슬(미아4),1453,어울림,소공원,192,347,293,ok
97,삼각산아이원(미아5),1422,고갯마루,어린이공원,99,253,193,ok
106,미아동 791-1614 행복주택(빈집정비),1416,소망,소공원,82,140,111,ok
108,삼양동 791-1960 행복주택(초행지붕-미아-3),1417,미래,소공원,250,476,373,ok
102,미아두산위브트레지움(미아8),1420,꼭지,소공원,158,206,146,ok
105,꿈의숲해링턴플레이스(미아9-1),1453,어울림,소공원,82,275,290,ok
98,미아SH-Ville(미아2),1418,늘푸른,소공원,48,50,38,ok
95,SK북한산시티(미아1-1),1411,북한산도시자연공원,기타,430,693,550,ok
124,보람더하임,1275,백합,어린이공원,91,114,91,ok
128,강서센트레빌,1362,쌈지,어린이공원,108,207,160,ok
131,강서한강자이,1396,탑산(가양동),문화공원,163,604,485,ok
127,마곡푸르지오,1368,들꽃,어린이공원,26,46,37,ok
130,유니트로원룸,1376,은하수,어린이공원,198,393,322,ok
147,마곡힐스테이트,1384,꿈자람,어린이공원,46,246,190,ok
157,우장산역해링턴타워,1324,화곡3주구1,어린이공원,76,62,72,ok
142,가양동협동조합형공동주택,1348,비둘기,어린이공원,220,254,222,ok
163,센터스퀘어 발산,1355,원당,어린이공원,78,121,89,ok
162,아르체움 등촌,429,한두,어린이공원,206,336,275,ok
161,방화동 행복주택,1376,은하수,어린이공원,149,411,306,ok
143,등촌동 장기전세주택,1286,푸르매,어린이공원,134,289,242,ok
154,신마곡 벽산블루밍(개화산역세권),1371,내촌,어린이공원,104,238,186,ok
146,마곡지구 10단지(마곡엠밸리10단지),1386,풀잎,어린이공원,384,655,504,ok
159,역세권 공공(화곡동 1073-11),1330,솔뫼,어린이공원,294,352,297,ok
137,마곡1단지(마곡엠밸리1),1364,긴등,어린이공원,194,444,381,ok
122,발산1(마곡수명산파크1단지),1352,수정,어린이공원,167,231,171,ok
116,방화11,1376,은하수,어린이공원,76,120,99,ok
148,마곡지구 11단지(마곡엠밸리11단지),1383,긴등마을,어린이공원,440,776,688,ok
149,마곡지구 12단지(마곡엠밸리12단지),1389,솔,어린이공원,432,734,598,ok
133,마곡14단지(마곡엠밸리14),1389,솔,어린이공원,286,402,335,ok
150,가양동 1457-1 모듈러 행복주택,1340,나들이,어린이공원,227,536,466,ok
134,마곡15단지(마곡엠밸리15),1390,햇빛,어린이공원,178,519,388,ok
115,방화2-1,1381,꿈나무,어린이공원,150,216,172,ok
138,마곡2단지(마곡엠밸리2),1393,마곡,소공원,158,645,502,ok
119,발산2(마곡수명산파크2단지),1352,수정,어린이공원,99,132,100,ok
155,역세권 공공(염창동 274-17),429,한두,어린이공원,177,476,435,ok
139,마곡3단지(마곡엠밸리3),1393,마곡,소공원,236,373,274,ok
120,발산3(마곡수명산파크3단지),1353,은행나무,어린이공원,137,204,162,ok
129,강서동부센트리빌4차,1361,송정,어린이공원,279,600,479,ok
112,가양4,1345,무지개,어린이공원,101,149,124,ok
156,역세권 공공(화곡동 401-1),1291,노을,어린이공원,222,318,264,ok
140,마곡4단지(마곡엠밸리4),1387,푸르미,어린이공원,195,232,193,ok
123,발산4(마곡수명산파크4단지),1353,은행나무,어린이공원,58,116,87,ok
114,가양5,1346,풀피리,어린이공원,151,186,155,ok
141,마곡5단지(마곡엠밸리5),1365,문성,어린이공원,195,361,302,ok
125,발산5(마곡수명산파크5단지),1269,수명산,근린공원,215,517,434,ok
117,방화6,1377,능말,어린이공원,56,87,72,ok
160,마곡그랑시엘(방화동613-2),1373,목련,어린이공원,84,119,94,ok
152,역세권 공공(등촌동 648-5),1278,백석,어린이공원,145,162,151,ok
135,마곡6단지(마곡엠밸리6),1384,꿈자람,어린이공원,115,341,308,ok
121,발산6(마곡수명산파크6단지),1353,은행나무,어린이공원,343,484,414,ok
158,엘크루 발산(등촌동 671-1),1262,원당,근린공원,146,173,158,ok
132,내발산동740 기숙사(희망하우징),1270,발산,근린공원,79,143,102,ok
136,마곡7단지(마곡엠밸리7),1388,예솔,어린이공원,144,178,148,ok
126,발산7(마곡수명산파크7단지),1354,신광명,어린이공원,104,304,257,ok
113,가양8,1347,곰돌이,어린이공원,76,103,85,ok
145,마곡지구 8단지(마곡엠밸리8단지),1384,꿈자람,어린이공원,47,50,41,ok
144,화곡동 청년 협동조합 주택(화곡동891-25),1338,모태,어린이공원,45,43,34,ok
111,가양9,1348,비둘기,어린이공원,56,100,82,ok
118,방화9,1374,샛별,어린이공원,293,667,548,ok
153,마곡지구 9단지(마곡엠밸리9단지),1383,긴등마을,어린이공원,101,167,160,ok
151,e편한세상 염창아파트,1394,염창,소공원,143,211,155,ok
182,다온타워,3,해태,어린이공원,190,204,184,ok
166,봉천신봉,31,새싹,어린이공원,38,26,21,ok
165,봉천인헌,72,봉천,어린이공원,269,456,332,ok
167,신림초원,35,난곡,어린이공원,132,179,140,ok
172,관악벽산블루밍,1,상도근린공원,근린공원,122,355,268,ok
175,관악청광플러스원,15,은천,어린이공원,149,225,176,ok
181,힐스테이트 뉴포레,224,칸나,소공원,235,522,437,ok
185,힐스테이트 관악센트씨엘,16,국회단지,어린이공원,269,611,473,ok
177,봉천12-1구역 e편한세상 서울대입구2차,62,영락,어린이공원,136,148,164,ok
179,더헤르미온(봉천동 1666-51),45,까치,어린이공원,381,528,414,ok
184,센터스퀘어 서울대점(관악구 신림동 1747),55,도덕,문화공원,102,225,170,ok
168,봉천동아(봉천2-2),71,행운동,소공원,571,1070,848,ok
187,유벤투스 240,224,칸나,소공원,202,350,288,ok
186,서울대벤처타운역 푸르지오(신림3),61,해바라기,어린이공원,194,133,140,ok
171,관악드림타운(봉천3),16,국회단지,어린이공원,501,888,716,ok
164,신림동부(신림5),2,호박골,어린이공원,394,515,422,ok
169,봉천우성(봉천7-1),73,까치산,소공원,252,472,397,ok
173,관악푸르지오(봉천7-2),201,샛별,어린이공원,514,949,772,ok
183,최강타워(관악구 신림동 75-6),12,색동,어린이공원,352,514,442,ok
170,봉천두산(봉천8),30,중앙,어린이공원,236,374,316,ok
180,역세권공공(관악구 봉천동 854-3외2),19,송학,어린이공원,359,539,436,ok
176,e편한세상 서울대입구(봉천12-2구역),62,영락,어린이공원,80,88,121,ok
174,신림SH-ville(신림7),22,미도,어린이공원,379,459,390,ok
178,YK서울대(봉천동 912-16),30,중앙,어린이공원,352,503,427,ok
188,한라녹턴,602,산마루공원,어린이공원,238,461,382,ok
205,백악관타워,593,해오름공원,어린이공원,426,512,422,ok
195,구의자이르네,621,홍련산의소공원,소공원,72,112,82,ok
196,리마크빌군자,589,남일공원,어린이공원,397,587,459,ok
189,래미안프리미어팰리스,619,세모꼴소공원,소공원,99,146,119,ok
199,롯데캐슬리버파크시그니처,582,성화공원,어린이공원,244,291,247,ok
198,센텀힐스 한강,617,구의가로휴식소공원,소공원,125,183,159,ok
203,롯데캐슬 이스트폴,599,장미공원,어린이공원,224,321,262,ok
201,어울채(서울리츠1호),599,장미공원,어린이공원,161,240,204,ok
193,위너스힐(화양동 111-89),615,화양동정자마당소공원,소공원,214,313,279,ok
192,엘리시아1차(화양동 94-13),615,화양동정자마당소공원,소공원,222,369,325,ok
197,건대프라하임3차,615,화양동정자마당소공원,소공원,141,261,210,ok
200,테라펠리스건대4차,586,한아름공원,어린이공원,195,263,206,ok
191,옥산그린타워(구의동 587-64),617,구의가로휴식소공원,소공원,147,237,199,ok
194,비바힐스 강변(구의동 593-11),599,장미공원,어린이공원,172,227,173,ok
204,건대입구역 더포디엄 830,587,햇님공원,어린이공원,210,270,231,ok
202,DM7 건대,615,화양동정자마당소공원,소공원,235,374,325,ok
190,강변SK뷰(구의3),596,개나리공원,어린이공원,204,267,254,ok
220,개봉푸르지오,545,개봉,기타,308,387,307,ok
210,온수힐스테이트,570,와룡,소공원,90,160,121,ok
209,구로경남아너스빌,563,구로리,어린이공원,384,588,476,ok
208,고척유진마젤란아파트,573,무궁화,소공원,108,216,169,ok
236,신영지웰에스테이트개봉역,543,고척,문화공원,296,519,409,ok
221,천왕공공원룸텔(천왕여성안심주택),568,버들,어린이공원,175,263,209,ok
238,세이지움 개봉,546,개웅,어린이공원,395,575,425,ok
237,호반써밋 개봉,576,개봉,소공원,250,353,292,ok
239,천왕역 모아엘가 트레뷰,567,오동나무,어린이공원,228,269,271,ok
216,천왕이펜하우스1단지,567,오동나무,어린이공원,147,212,203,ok
206,오류동부골든(오류1),521,온수(반달지구),근린공원,69,122,121,ok
234,오류1동 숲에리움,542,오류역,문화공원,269,513,454,ok
230,항동하버라인10단지,537,항동 2호,근린공원,297,396,287,ok
231,항동하버라인11단지,544,항동,체육공원,214,344,289,ok
226,고척리본타운(고척동 156 장기전세),536,덕의,근린공원,250,338,314,ok
212,천왕이펜하우스2단지,567,오동나무,어린이공원,48,133,111,ok
233,항동하버라인2단지,581,푸른수목원,근린공원,137,589,431,ok
223,천왕2도시형생활주택(연지마을1),577,천왕역,소공원,336,445,357,ok
218,천왕2-1(천왕연지타운1),577,천왕역,소공원,118,310,276,ok
224,천왕2도시형생활주택(연지마을2),533,봉화대,근린공원,6,32,23,ok
219,천왕2-2(천왕연지타운2),533,봉화대,근린공원,111,149,168,ok
235,크라운빌2차(신도림동 419-4),565,미래사랑,어린이공원,424,506,419,ok
211,고척벽산블루밍(고척3),575,현화,소공원,149,260,205,ok
217,천왕이펜하우스3단지,568,버들,어린이공원,226,424,356,ok
228,항동하버라인3단지,581,푸른수목원,근린공원,346,473,422,ok
215,천왕이펜하우스4단지,532,연지,근린공원,139,330,260,ok
232,항동하버라인4단지,537,항동 2호,근린공원,70,120,100,ok
214,천왕이펜하우스5단지,568,버들,어린이공원,162,265,223,ok
213,천왕이펜하우스6단지,531,천왕(구),근린공원,292,388,329,ok
207,구로두산(구로6),563,구로리,어린이공원,238,319,258,ok
222,천왕지구7단지(행복주택),532,연지,근린공원,101,98,81,ok
225,천왕이펜하우스 8단지(천왕지구 8단지),531,천왕(구),근린공원,68,126,103,ok
227,항동하버라인8단지(항동지구 8단지),539,항동 4호,근린공원,185,217,181,ok
229,항동하버라인9단지,537,항동 2호,근린공원,188,320,250,ok
240,시흥목련,124,금나래중앙,문화공원,471,701,549,ok
243,백운한비치,79,삼성산시민휴식공원,근린공원,144,187,137,ok
244,보린두레주택(금천구 시흥동),112,비둘기,어린이공원,87,79,61,ok
246,더 더블유 서울,83,조마,어린이공원,436,576,476,ok
245,금천롯데캐슬골드파크1차,125,도하,소공원,255,368,307,ok
242,시흥벽산(시흥1),123,별장길,어린이공원,707,1218,929,ok
241,관악벽산타운(시흥2-1),79,삼성산시민휴식공원,근린공원,776,1578,1206,ok
262,상계마들,1430,벌리,어린이공원,1949,4202,3376,ok
264,온수연립주택,1447,솔밭근린공원,근린공원,4311,5987,4641,ok
270,중계센트럴파크,1430,벌리,어린이공원,2158,3785,3063,ok
269,중계한화꿈에그린,1427,샛강,어린이공원,4327,5279,4231,ok
276,태릉해링턴플레이스(태릉현대),1039,묵  동,어린이공원,961,1384,1151,ok
267,공릉공공원룸텔(희망하우징),997,서  당,어린이공원,755,1004,885,ok
271,수락리버타운(행복주택),1447,솔밭근린공원,근린공원,5202,6493,5051,ok
279,태릉입구역 이니티움,1040,푸름소공원,소공원,438,617,555,ok
280,광운대역 현대프라힐스,1156,샛별,어린이공원,981,1278,1035,ok
251,월계사슴1,1432,오현,어린이공원,1264,1777,1509,ok
254,월계청백1,1430,벌리,어린이공원,1132,2003,1575,ok
250,공릉1,1039,묵  동,어린이공원,1715,2221,1843,ok
824,"상계,장암1단지(수락산리버시티1단지)",1447,솔밭근린공원,근린공원,5461,6950,5386,ok
257,양지대림1(중계4-1),1430,벌리,어린이공원,3618,5461,4309,ok
274,월계센트럴아이파크(월계2),1432,오현,어린이공원,1076,1400,1234,ok
252,월계사슴2,1430,벌리,어린이공원,1534,2306,1873,ok
825,"상계,장암2단지(수락산리버시티2단지)",1447,솔밭근린공원,근린공원,5548,6908,5377,ok
256,양지대림2(중계4-2),1427,샛강,어린이공원,3888,4882,3945,ok
258,공릉2-6,997,서  당,어린이공원,889,1083,943,ok
255,상계은빛3,1447,솔밭근린공원,근린공원,5107,6510,5031,ok
249,중계3,1430,벌리,어린이공원,3025,4521,3717,ok
260,상계동아불암(상계3-1),1427,샛강,어린이공원,4955,5928,4724,ok
261,상계불암현대(상계3-2),1427,샛강,어린이공원,5248,6250,4988,ok
265,"상계,장암3단지(수락산리버시티3단지)",1447,솔밭근린공원,근린공원,5282,6625,5122,ok
273,노원센트럴푸르지오(상계4),1427,샛강,어린이공원,4609,5666,4543,ok
272,녹천역 두산위브(월계4구역),1430,벌리,어린이공원,1645,2785,2141,ok
248,중계4,1430,벌리,어린이공원,2777,4004,3332,ok
266,"상계,장암4단지(수락산리버시티4단지)",1447,솔밭근린공원,근린공원,5140,6583,5096,ok
247,하계5,1432,오현,어린이공원,1993,2300,1978,ok
278,노원 롯데캐슬시그니처(상계6),1427,샛강,어린이공원,4808,6020,4799,ok
268,공릉동 657-7 기숙사(희망하우징),1039,묵  동,어린이공원,268,411,365,ok
259,상계불암대림(상계7),1427,샛강,어린이공원,4786,5913,4690,ok
275,포레나노원(상계8),1427,샛강,어린이공원,3553,4622,3678,ok
253,학여울청구A(하계2),1430,벌리,어린이공원,1778,2878,2312,ok
263,학여울청구B(하계2B),1432,오현,어린이공원,1813,2213,1921,ok
277,YN타워(공릉동 617-3외 2필지),1040,푸름소공원,소공원,517,632,538,ok
282,도봉서광,1447,솔밭근린공원,근린공원,4413,5478,4210,ok
281,도봉서원,1436,은모루,어린이공원,3526,4205,3300,ok
288,초행지붕-창동,1429,오얏골,어린이공원,560,977,801,ok
283,북한산코오롱하늘채(쌍문1),1439,흰구름,소공원,380,566,454,ok
287,인히어쌍문(쌍문동 103-6외 1필지),1436,은모루,어린이공원,641,891,683,ok
286,창업지원주택(창동)_서울리츠2호,1427,샛강,어린이공원,2203,3031,2346,ok
284,방학동 393-16 두레주택(현물출자),1447,솔밭근린공원,근린공원,2678,3616,2786,ok
285,방학동 394-11 두레주택(현물출자),1447,솔밭근린공원,근린공원,2541,3438,2643,ok
290,초행지붕 쌍문(460-45),1439,흰구름,소공원,799,1113,889,ok
289,에드가쌍문(쌍문동 507-1),1447,솔밭근린공원,근린공원,429,587,494,ok
341,신대방,199,옹달샘,어린이공원,259,413,331,ok
372,골드타워,198,새벽,어린이공원,328,513,431,ok
364,학수복합,219,해밀,어린이공원,463,511,375,ok
342,흑석청호,210,서달,소공원,262,766,587,ok
358,상도두산위브트레지움,216,국화원,소공원,55,32,23,ok
367,보라매자이(동작트인시아),196,참새,어린이공원,300,417,335,ok
352,두산위브(사당),212,남성,소공원,120,150,118,ok
371,더써밋 타워,179,노량진,근린공원,484,964,723,ok
357,상도동 효성해링턴플레이스,222,꽃담길,소공원,23,14,12,ok
345,상도신동아(상도1),209,태양,어린이공원,98,70,58,ok
360,래미안 로이파크(사당1구역),226,새빛,소공원,98,170,126,ok
359,상도파크자이(상도제10구역),222,꽃담길,소공원,282,722,631,ok
370,동작구 사당동 1044-1,75,남현,소공원,175,468,409,ok
346,상도래미안1차(상도2),198,새벽,어린이공원,547,894,689,ok
365,"상도동211-435, 467 행복주택(서울리츠2호)",185,별님,어린이공원,85,112,86,ok
343,상도건영(본동2-2),228,비둘기,어린이공원,273,507,420,ok
348,본동한신휴플러스(본동2-3),228,비둘기,어린이공원,434,632,530,ok
355,흑석한강센트레빌2차(흑석6),227,까막골,소공원,208,286,235,ok
368,이수푸르지오더프레티움(사당3),211,희망,어린이공원,38,109,80,ok
369,흑석리버파크자이(흑석3),210,서달,소공원,336,384,338,ok
347,상도3쌍용,198,새벽,어린이공원,183,251,195,ok
356,"사당동 303-187 공공원룸텔(구, 303-37)",195,토끼,어린이공원,126,255,195,ok
366,더클래식동작(역세권 공공(노량진동 37-1)),179,노량진,근린공원,562,958,767,ok
354,흑석한강푸르지오(흑석4),208,비계,소공원,152,208,167,ok
821,골든노블레스(동작구 대방동 403-16),196,참새,어린이공원,285,383,283,ok
351,흑석한강센트레빌(흑석5),218,까망돌,어린이공원,160,309,257,ok
353,래미안트윈파크(본동5),213,충효,소공원,167,474,361,ok
344,사당신동아(사당5),219,해밀,어린이공원,368,823,650,ok
340,상도삼호(상도5),217,흐리목,소공원,422,763,620,ok
361,아크로리버하임(흑석7구역),188,까치산,근린공원,125,711,621,ok
362,에듀포레아파트(흑석8구역),227,까막골,소공원,83,146,114,ok
363,e편한세상상도노빌리티(상도대림),225,꿈나래,어린이공원,127,203,165,ok
349,본동SH-ville(본동4),182,사육신,역사공원,298,812,641,ok
350,상도SH-ville(상도4),183,꿈동산,어린이공원,94,229,211,ok
373,성산,1478,성사천어린이공원,어린이공원,286,494,392,ok
381,염리삼성,1514,염리어린이공원,어린이공원,123,216,161,ok
374,염리상록,1514,염리어린이공원,어린이공원,131,194,173,ok
375,창전삼성,1529,무쇠막소공원,소공원,193,488,399,ok
379,신공덕삼성,144,효창어린이공원,어린이공원,212,312,259,ok
414,홍대크리원,1524,상수나루소공원,소공원,113,165,151,ok
415,마포더클래시,1545,아현어울림소공원,소공원,160,239,203,ok
394,연남동희망하우징,1471,다솜어린이공원,어린이공원,340,488,374,ok
417,마포래미안푸르지오,1518,아현새싹소공원,소공원,67,153,110,ok
418,마포푸르지오더센트럴,1510,애오개어린이공원,어린이공원,218,353,343,ok
378,마포태영(대흥태영),1503,대흥어린이공원,어린이공원,115,151,136,ok
416,공덕동 크로시티,1532,큰우물소공원,소공원,93,195,186,ok
386,망원동 동원데자뷰,1467,두리어린이공원,어린이공원,127,223,183,ok
408,서교동 효성해링턴 타워,1459,서교어린이공원,어린이공원,161,297,248,ok
387,월드컵아이파크1차,1474,성메어린이공원,어린이공원,123,191,155,ok
395,메세나폴리스(합정1),1463,합정어린이공원,어린이공원,74,73,53,ok
383,상암월드컵1,1485,부엉바위어린이공원,어린이공원,104,244,190,ok
377,공덕삼성(공덕1),1532,큰우물소공원,소공원,96,528,389,ok
405,마포 창전1단지,1512,광흥창어린이공원,어린이공원,56,40,33,ok
406,신수1단지,1513,신수어린이공원,어린이공원,124,214,159,ok
390,상암월드컵파크10단지(상암2지구3단지),1504,목련어린이공원,어린이공원,193,215,200,ok
398,래미안밤섬리베뉴1차(상수1),1524,상수나루소공원,소공원,130,179,147,ok
389,상암월드컵파크11단지(상암2지구1단지),1504,목련어린이공원,어린이공원,187,387,307,ok
392,상암월드컵파크12단지(상암2지구2단지),1504,목련어린이공원,어린이공원,74,76,63,ok
403,마포센트럴아이파크(아현1-3),1510,애오개어린이공원,어린이공원,10,76,63,ok
411,역세권 공공(창전동 19-8 일원),1512,광흥창어린이공원,어린이공원,99,264,195,ok
397,래미안마포리버웰(용강2),1520,용강나루소공원,소공원,75,139,101,ok
388,월드컵아이파크2차,1474,성메어린이공원,어린이공원,187,310,238,ok
407,마포그랑자이(대흥2구역),1530,독막소공원,소공원,147,273,240,ok
376,도화현대2차,150,신창동어린이공원,어린이공원,329,762,621,ok
380,신공덕2삼성,128,효창공원,근린공원,244,678,535,ok
402,현석2구역,1527,현석소공원,소공원,101,209,166,ok
399,래미안밤섬리베뉴2차(상수2),1524,상수나루소공원,소공원,102,234,211,ok
382,공덕2삼성(공덕2),154,서계가로어린이공원,어린이공원,288,416,348,ok
396,마포자이2차(대흥3),1522,대흥소공원,소공원,70,252,202,ok
410,마포프레스티지자이(염리3),1533,소금동네소공원,소공원,118,142,133,ok
404,마포자이3차(염리2구역),1514,염리어린이공원,어린이공원,58,319,243,ok
413,아현시티(아현동 327-10),1519,아현초록소공원,소공원,287,399,322,ok
385,상암3-8단지,1488,상암공원,근린공원,88,149,117,ok
401,공덕자이(아현4),1510,애오개어린이공원,어린이공원,77,395,360,ok
393,래미안공덕5차(공덕5),1497,큰더기어린이공원,어린이공원,145,331,275,ok
419,맹그로브신촌(노고산동 56-74),1529,무쇠막소공원,소공원,152,400,323,ok
391,상암월드컵파크9단지(상암2지구4단지),1541,휴암문화공원,문화공원,9,1,0,ok
384,외국인임대(DMC빌),1490,구룡공원,근린공원,98,152,146,ok
400,e편한세상 마포리버파크(용강3),1520,용강나루소공원,소공원,144,198,171,ok
412,공덕SK리더스뷰1단지(마포로6구역),1531,아소정소공원,소공원,56,152,112,ok
409,공덕SK리더스뷰2단지(마포로6구역),1532,큰우물소공원,소공원,66,67,47,ok
503,반포르엘,319,아  름,어린이공원,118,283,260,ok
463,반포리체,336,오솔길,소공원,234,372,286,ok
459,반포자이,245,원  촌,근린공원,246,431,353,ok
506,메이플자이,238,잠  원,근린공원,242,491,385,ok
502,래미안원베일리,303,파랑새,어린이공원,310,415,354,ok
461,래미안퍼스티지,244,신반포,근린공원,278,472,370,ok
458,래미안서초스위트,328,누리숲,어린이공원,108,139,115,ok
474,서초방배롯데캐슬,329,햇  님,어린이공원,195,266,221,ok
486,서초푸르지오써밋,328,누리숲,어린이공원,114,370,300,ok
485,래미안서초에스티지,235,용허리,근린공원,261,332,261,ok
483,래미안신반포팰리스,342,잠  원,소공원,80,136,113,ok
462,서초교대이편한세상,325,새  싹,어린이공원,222,335,279,ok
484,아크로리버파크반포,250,세  빛,근린공원,157,221,183,ok
460,서초두산위브트레지움,236,명  달,근린공원,247,421,347,ok
489,반포센트럴푸르지오써밋,328,누리숲,어린이공원,257,1029,816,ok
479,서초삼익롯데캐슬프레지던트,325,새  싹,어린이공원,118,242,206,ok
499,반포센트레빌아스테리움(반포현대),272,고무래,어린이공원,49,14,11,ok
482,내곡보금자리주택지구 도시형생활주택(행복주택-서초선포레),348,벌  말,소공원,259,433,342,ok
487,반포래미안아이파크(서초한양),310,미  도,어린이공원,156,289,249,ok
498,서초그랑자이(서초무지개),266,마산말,어린이공원,302,700,574,ok
496,방배그랑자이(방배경남),351,방배경남,소공원,198,505,369,ok
472,양재시프트(양재리본타워),278,종  열,어린이공원,189,286,235,ok
490,신반포자이(반포한양),344,누  에,소공원,113,244,189,ok
504,래미안 원펜타스,303,파랑새,어린이공원,130,191,179,ok
494,래미안리더스원(서초우성1차),332,으  뜸,어린이공원,56,168,125,ok
478,내곡1(서초더샵포레1단지),346,햇  살,소공원,271,391,330,ok
505,신반포르엘(신반포13차),349,잠원성심,소공원,74,305,240,ok
495,역세권 공공(서초동 1502-12외 1필지),338,꽃마을1,소공원,99,111,109,ok
492,"래미안신반포리오센트(신반포18차,24차)",349,잠원성심,소공원,46,132,109,ok
481,서초포레스타2단지(내곡),289,안  골,어린이공원,177,692,539,ok
501,반포르엘2차,304,반  원,어린이공원,151,301,272,ok
464,우면2지구 다세대(네이처힐가든),248,망  루,근린공원,51,149,137,ok
469,우면2-1(서초네이처힐1),248,망  루,근린공원,102,119,86,ok
477,양재동212장기전세(양재리본타워2단지),296,잔  디,어린이공원,158,249,201,ok
468,우면2-2(서초네이처힐2),246,태  봉,근린공원,128,65,75,ok
470,우면2-3(서초네이처힐3단지),326,섶다리,어린이공원,220,312,244,ok
465,우면2-4(서초네이처힐4단지),326,섶다리,어린이공원,162,255,220,ok
466,우면2-5(서초네이처힐5단지),327,샛  말,어린이공원,120,184,153,ok
471,우면2-6(서초네이처힐6),327,샛  말,어린이공원,130,262,230,ok
467,우면2-7(서초네이처힐7단지),327,샛  말,어린이공원,115,138,135,ok
497,디에이치라클라스(삼호가든3차),310,미  도,어린이공원,284,427,351,ok
491,방배아트자이(방배3),345,새  봄,소공원,16,82,68,ok
476,내곡3(서초포레스타3단지),331,가  온,어린이공원,158,260,188,ok
475,내곡5(서초포레스타5단지),348,벌  말,소공원,221,425,371,ok
493,반포센트럴자이(신반포6차),350,잠원흥동,소공원,220,287,239,ok
480,서초포레스타6단지(내곡),348,벌  말,소공원,155,440,365,ok
473,내곡7(서초포레스타7단지),348,벌  말,소공원,180,390,289,ok
500,코네스트(CONEST),262,사도감,어린이공원,130,166,129,ok
488,래미안서초에스티지S(서초우성2차),235,용허리,근린공원,321,531,442,ok
457,방배SH-ville(방배2),74,남태령제2,소공원,116,91,95,ok
519,와이엠프라젠,902,쉼터,어린이공원,396,552,499,ok
522,행당두산위브,746,행당4구역,소공원,214,321,249,ok
520,서울숲아이파크,732,장미,소공원,69,141,107,ok
521,왕십리주상복합,937,용두5구역,어린이공원,200,315,287,ok
535,힐스테이트서울숲리버,741,푸른,어린이공원,184,652,615,ok
542,라봄 성동,709,마장,어린이공원,144,218,189,ok
539,한영 스테이,706,동마장,어린이공원,106,184,166,ok
530,왕십리텐즈힐1구역,739,뉴타운1구역,기타,188,342,277,ok
528,래미안옥수리버젠(옥수12),735,옥정,소공원,106,123,93,ok
531,신금호파크자이(금호13),1554,청구어린이공원,어린이공원,388,1050,878,ok
536,금호파크힐스이편한세상아파트(금호제15),699,응봉,근린공원,260,736,570,ok
534,왕십리자이(하왕1-5),1574,신당제11구역1(가칭),소공원,107,202,182,ok
524,래미안하이리버(금호17),734,금남,소공원,162,301,234,ok
525,래미안하이리버(금호19),734,금남,소공원,162,301,234,ok
517,행당한신(행당2),718,응삼,어린이공원,94,277,237,ok
511,행당대림(하왕2-1),726,논골새싹,어린이공원,230,284,236,ok
527,서울숲2차푸르지오(금호14),741,푸른,어린이공원,29,65,49,ok
526,금호자이2차(금호18),734,금남,소공원,71,92,76,ok
538,역세권 공공(용답동 233-1),905,미나리,어린이공원,403,614,487,ok
533,왕십리센트라스(왕십리3),742,견우,어린이공원,1,2,1,ok
507,청계벽산(하왕3),723,도선,어린이공원,416,677,529,ok
516,하왕극동미라주(하왕5),745,하왕1-5구역,소공원,98,229,193,ok
508,옥수극동그린(옥수5-2),141,응봉공원,근린공원,581,2750,2166,ok
537,서울숲리버뷰자이(행당제6구역),728,전관원,어린이공원,224,769,640,ok
514,금호벽산(금호6),722,도장골,소공원,111,534,428,ok
540,라체르보푸르지오써밋대우(행당7),724,살구골,어린이공원,416,727,606,ok
509,옥수하이츠(옥수8),166,한남공원,소공원,397,2108,1600,ok
513,금호대우(금호8),735,옥정,소공원,234,375,342,ok
510,옥수삼성(옥수9),700,달맞이,근린공원,340,424,359,ok
532,e편한세상옥수파크힐스(옥수13),736,매봉,소공원,4,100,79,ok
518,마장SH-VILLE,720,보람,어린이공원,256,470,410,ok
541,청계SK뷰,703,용답휴식,근린공원,160,453,376,ok
822,더푸름,1156,샛별,어린이공원,275,382,289,ok
572,돈암정릉,1181,되너미,소공원,44,72,58,ok
549,월곡두산,1198,밤골,어린이공원,105,520,411,ok
543,동소문한진,1170,성북,근린공원,483,1265,1038,ok
560,래미안석관,1166,화랑,어린이공원,223,273,227,ok
582,정릉하늘마루,1196,배밭골,어린이공원,182,292,253,ok
580,장위퍼스트하이,1165,맑은숲,어린이공원,486,711,568,ok
575,꿈의숲코오롱하늘채,1205,상길례,문화공원,122,133,111,ok
568,동일하이빌뉴시티(신월곡),1177,잔월,소공원,120,190,143,ok
548,상월곡동아(상월곡),1200,향기,어린이공원,86,220,194,ok
590,롯데캐슬 트윈골드(길음역세권),1158,새소리,어린이공원,393,649,544,ok
589,초행지붕-정릉,1176,길섶,소공원,343,425,364,ok
593,성북 펠릭스,1201,맑은소리,소공원,375,473,396,ok
592,종암 라온 프라이빗,1168,고암,어린이공원,114,210,177,ok
579,래미안장위포레카운티(장위1구역),1205,상길례,문화공원,639,861,678,ok
586,롯데캐슬클라시아(길음1),1183,길빛,근린공원,61,338,256,ok
571,정릉한화꿈에그린(정릉10),1182,꿈빛,소공원,64,58,70,ok
559,정릉라온유(길음10),1163,솔숲,어린이공원,310,401,316,ok
588,장위 지웰에스테이트(장위1-2),1156,샛별,어린이공원,831,1113,887,ok
576,연극인맞춤형주택(성북동 186-12),1241,명륜공원,어린이공원,519,997,788,ok
587,보문리슈빌하우트(보문2),1194,범바위,어린이공원,233,350,314,ok
578,래미안아트리치(석관2구역),1203,돌이음,소공원,264,365,297,ok
577,래미안 길음 센터피스(길음2구역),1454,미아5구역,소공원,185,232,187,ok
561,래미안종암2차(종암4),1168,고암,어린이공원,274,573,442,ok
574,연극인맞춤형주택(삼선동2가77),1180,돌마루,소공원,236,539,437,ok
557,월곡2sh-ville(월곡2),893,청량,근린공원,322,1815,1387,ok
566,종암2차SK뷰(종암6),1169,옛시장,어린이공원,119,141,121,ok
581,롯데캐슬골든힐스(길음3),1202,별빛누리,소공원,265,349,249,ok
552,길음뉴타운3단지,1176,길섶,소공원,219,234,196,ok
547,길음동부(길음3),1183,길빛,근린공원,144,140,116,ok
546,돈암삼성(돈암3-2),1167,매화,어린이공원,245,637,543,ok
545,돈암풍림(돈암3-3),1188,개운산,근린공원,301,865,658,ok
564,래미안종암3차(종암5),1174,일신,어린이공원,80,270,216,ok
567,희망하우징(정릉 380-3),1162,한울,어린이공원,616,834,642,ok
556,월곡3sh-ville(월곡3),1191,아름드리,근린공원,94,688,544,ok
591,장위자이레디언트(장위4구역),1156,샛별,어린이공원,689,1252,962,ok
551,길음뉴타운4단지,1419,폭포,소공원,156,362,286,ok
550,정릉풍림(정릉4),1184,정릉동,근린공원,337,660,494,ok
570,금호어울림센터힐(돈암5),1167,매화,어린이공원,135,680,536,ok
583,꿈의 숲 아이파크(장위7구역),1165,맑은숲,어린이공원,344,447,373,ok
585,보문동 7가 139-1 행복주택(다세대),1195,꿈나라,어린이공원,238,326,329,ok
584,동소문동7가 2-26 행복주택(빈집정비),1181,되너미,소공원,422,461,372,ok
563,길음뉴타운7단지(길음7),1175,길음골,소공원,16,63,52,ok
562,길음뉴타운8단지(길음8),1160,솔향기,어린이공원,343,409,325,ok
565,길음뉴타운9단지(정릉길음9),1167,매화,어린이공원,287,497,454,ok
569,e편한세상(보문4),1164,동망봉,어린이공원,40,127,106,ok
554,종암SH-Ville,1168,고암,어린이공원,414,662,535,ok
553,장월SH-VILLE,1165,맑은숲,어린이공원,189,273,255,ok
558,삼선sh-ville(삼선1),1164,동망봉,어린이공원,308,765,584,ok
555,길음SH-Ville(길음5),1161,해맑은,어린이공원,86,279,238,ok
544,종암SK,1159,종암,어린이공원,102,224,178,ok
594,마천대성,1713,거여6(거마재정비),소공원,172,212,217,ok
616,거여리본타운,1675,영풍,어린이공원,63,60,47,ok
611,문정공공원룸텔,1622,개나리,어린이공원,133,160,120,ok
610,송파래미안파인탑,1624,거북이,어린이공원,142,248,206,ok
618,잠실올림픽공원아이파크,1614,태양,근린공원,90,246,204,ok
628,문정역 마에스트로,1642,반딧불,어린이공원,192,313,236,ok
614,송파레미니스(1단지),1695,오금지구 수변공원,수변공원,197,300,257,ok
613,위례지구10블럭(위례포레샤인),1716,송례(위례 근린공원8호),근린공원,476,903,743,ok
599,장지10(송파파인타운10단지),1666,솔바람,어린이공원,175,348,291,ok
608,마천1(송파파크데일1단지),1634,도담,어린이공원,162,356,286,ok
607,장지1(송파파인타운1단지),1705,문정동136 어린이공원,어린이공원,127,201,152,ok
598,장지11(송파파인타운11단지),1647,버들,어린이공원,173,300,246,ok
622,위례포레샤인13단지(위례3블럭),1612,장지,근린공원,342,1021,871,ok
620,위례포레샤인18단지(위례13블럭),1645,배미골,어린이공원,451,671,600,ok
627,잠실센트럴파크(송파구 잠실동 187-10),1659,새마을,어린이공원,372,519,399,ok
596,오금현대백조(오금2),1621,가야금,어린이공원,84,208,163,ok
626,잠실엘타워(잠실동208-4외2필지),1659,새마을,어린이공원,202,250,191,ok
623,송파시그니처롯데캐슬(거여2-1),1665,섬굴,어린이공원,176,739,618,ok
615,송파레미니스 2단지(오금지구 2단지),1695,오금지구 수변공원,수변공원,172,328,253,ok
609,마천2(송파파크데일2단지),1686,초록,어린이공원,133,171,186,ok
605,장지2(송파파인타운2단지),1606,연화,근린공원,230,321,276,ok
619,거여2-2구역(e편한세상 송파 파크센트럴),1703,향유(거마재정비),근린공원,283,414,345,ok
621,풍납동269-28 행복주택(서울리츠2호),1670,아랫바람,어린이공원,218,353,294,ok
612,송파파크데일3단지(행복주택),1685,천상,어린이공원,119,236,181,ok
597,거여3,1645,배미골,어린이공원,55,175,153,ok
625,송파파크데일4단지(임대),1686,초록,어린이공원,77,213,183,ok
602,장지4(송파파인타운4단지),1611,장수,근린공원,130,207,181,ok
624,송파파크데일5단지(임대),1686,초록,어린이공원,72,148,137,ok
603,장지5(송파파인타운5단지),1666,솔바람,어린이공원,91,75,86,ok
595,거여6,1691,향나무,어린이공원,221,275,255,ok
604,장지6(송파파인타운6단지),1611,장수,근린공원,88,187,156,ok
600,장지7(송파파인타운7단지),1666,솔바람,어린이공원,63,60,74,ok
606,장지8(송파파인타운8단지),1666,솔바람,어린이공원,148,267,193,ok
601,장지9(송파파인타운9단지),1666,솔바람,어린이공원,92,163,127,ok
629,힐스테이트 e편한세상 문정,1714,문정동136 소공원,소공원,244,457,349,ok
631,신정양천,518,세양,어린이공원,336,482,429,ok
640,양천롯데캐슬,458,남도,어린이공원,125,148,115,ok
639,수명산롯데캐슬,1392,푸른수명산,소공원,171,877,704,ok
660,신목동비바힐스,467,강신,어린이공원,141,203,177,ok
637,신월동도센트리움,451,신곡,어린이공원,274,398,308,ok
649,목동센트럴푸르지오,485,신세계,어린이공원,267,353,303,ok
638,장수마을동원데자뷰,459,문화,어린이공원,260,331,283,ok
648,신정공공주택(신정도시마을주택),489,계남,근린공원,279,387,323,ok
658,신목동 파라곤,453,신장,어린이공원,212,338,251,ok
654,신정 파크샤인,519,신정7동소공원,소공원,145,189,180,ok
645,신정이펜하우스1단지,494,연의,근린공원,406,617,538,ok
636,신정푸른마을1,491,신이,어린이공원,102,130,101,ok
653,신정1-1(목동센트럴아이파크위브),467,강신,어린이공원,238,605,501,ok
646,신정뉴타운두산위브(신정1-2),454,신월2동소공원,소공원,279,492,399,ok
647,신정뉴타운롯데캐슬(신정1-4),454,신월2동소공원,소공원,227,355,298,ok
635,신정학마을2,487,학마을,어린이공원,103,166,154,ok
634,신트리2,488,신기,어린이공원,154,231,211,ok
655,래미안 목동아델리체(신정2-1),483,단지,어린이공원,259,422,379,ok
657,호반서밋목동(신정2-2),478,양명,어린이공원,278,498,428,ok
641,신정이펜하우스2단지(신정3지구2단지),495,숲속,어린이공원,69,64,45,ok
633,목동2차우성(신정5),518,세양,어린이공원,69,522,404,ok
643,신정이펜하우스3단지,494,연의,근린공원,122,253,199,ok
652,신정3A6 이든채단지,493,하늘마루,어린이공원,186,279,270,ok
650,목동힐스테이트(신정제4구역),506,은행정,어린이공원,161,309,259,ok
644,신정이펜하우스4단지,493,하늘마루,어린이공원,198,469,375,ok
642,신정이펜하우스5단지(신정3지구5단지),493,하늘마루,어린이공원,228,338,284,ok
630,신정삼성(신정6-2),514,사슴,어린이공원,319,601,470,ok
656,솔리스타(목동 793-6),1316,달빛,어린이공원,115,281,234,ok
659,목동현대A,485,신세계,어린이공원,234,450,360,ok
632,목동현대B,484,신정,어린이공원,260,348,276,ok
691,용산롯데캐슬센터포레,175,녹색소공원,소공원,39,158,126,ok
688,산천리버힐삼성(산천삼성),150,신창동어린이공원,어린이공원,212,301,235,ok
696,어반허브 서울 스테이션,131,청파문화공원,문화공원,287,526,394,ok
689,도원삼성(도원),147,도원어린이공원,어린이공원,316,588,440,ok
697,용산 남영역 롯데캐슬 헤리티지,161,해님공원,소공원,281,494,414,ok
695,용산원효루미니(용산구 원효로1가 104),135,돌모루어린이공원,어린이공원,166,172,132,ok
693,역세권 공공(한강로 2가 2-350 일원),153,문배어린이공원,어린이공원,185,224,225,ok
692,용산센트럴파크 헤링턴스퀘어(국제4구역),152,기와터공원,근린공원,299,485,391,ok
694,효창파크뷰데시앙(효창6),176,효창6소공원,소공원,137,197,165,ok
690,용산e편한세상(신계),136,신계공원,역사공원,184,466,383,ok
715,구산그린빌,1100,구  산,근린공원,389,784,636,ok
744,백련산파크자이,1084,응암동새싹어린이공원,어린이공원,56,176,141,ok
736,산새마을 두레주택,1077,개나리어린이공원,근린공원,112,129,101,ok
763,연신내역 루체스테이션,1155,물빛공원,기타공원,177,273,257,ok
765,센트레빌 아스테리움 시그니처,1100,구  산,근린공원,360,413,338,ok
756,초행지붕-신사,1128,구산마을마당,기타공원,481,1109,898,ok
733,갈현 공공기숙사(희망하우징),1064,박석어린이공원,어린이공원,245,361,294,ok
749,힐스테이트녹번역(응암1),1091,백  련,근린공원,132,1117,907,ok
740,은뜨락(서울리츠1호),1104,마고정,근린공원,271,574,457,ok
725,"구파발10-2단지(은평3-4,임대)",1095,물 푸 레,근린공원,522,754,639,ok
730,"구파발10-3단지(은평3-5,임대)",1089,서오능,근린공원,478,849,684,ok
745,백련산해모로(응암11),1123,해바람소공원,소공원,97,202,153,ok
738,힐스테이트(녹번제1-1구역),1120,녹번동산들바람소공원,소공원,232,345,303,ok
714,"박석고개1-1단지(은평2-12,임대)",1104,마고정,근린공원,56,94,75,ok
734,"기자촌11단지(은평3-12,임대)",1105,우물골,근린공원,656,728,577,ok
739,래미안베라힐즈아파트(녹번1-2구역),1120,녹번동산들바람소공원,소공원,134,138,114,ok
735,북한산푸르지오(녹번1-3),1083,양천리누리터 어린이공원,어린이공원,166,253,193,ok
713,"박석고개1-3단지(은평2-1,임대)",1104,마고정,근린공원,195,249,215,ok
727,백련산힐스테이트1차(응암7),1111,백련산숲속소공원,소공원,240,378,282,ok
741,응암역효성해링턴플레이스(신사19),1119,풋나무골소공원,소공원,87,130,118,ok
757,서해그랑블(구산동198-3),1062,길마어린이공원,어린이공원,290,370,310,ok
746,녹번역이편한세상캐슬(응암2구역),1124,은평마루소공원,소공원,40,260,204,ok
742,이룸채(은평준주거2),1116,폭포동소공원,소공원,139,139,127,ok
698,수색대림(수색2-1),1122,DMC소공원,소공원,528,1569,1182,ok
719,"우물골2-1단지(은평2-4,임대)",1105,우물골,근린공원,130,173,154,ok
720,"우물골2-2단지(은평2-5,임대)",1105,우물골,근린공원,143,186,161,ok
750,대조동 26-10 행복주택(다세대),1151,팜스퀘어 소공원,기타공원,260,429,338,ok
728,백련산힐스테이트2차(응암8),1086,응암동행복어린이공원,어린이공원,237,566,469,ok
759,역세권 공공(은평구 대조동 2-9),1114,아미산자락소공원,소공원,380,579,473,ok
752,신사동 29-160 행복주택(다세대),1075,신흥어린이공원,어린이공원,203,296,230,ok
731,녹번센트레빌(응암3),1115,놀뫼소공원,소공원,23,68,56,ok
758,초행지붕_신사동 300-56 행복주택(빈집정비),1128,구산마을마당,기타공원,445,1042,843,ok
718,"마고정3-1단지(은평2-11,임대)",1093,향   림,근린공원,252,982,780,ok
716,"마고정3-2단지(은평2-3,임대)",1105,우물골,근린공원,150,150,177,ok
723,북한산힐스테이트3차(불광3),1132,자투리(신사동)마을마당,기타공원,213,442,378,ok
717,"마고정3-3단지(은평2-2,임대)",1105,우물골,근린공원,265,329,263,ok
729,백련산힐스테이트3차(응암9),1111,백련산숲속소공원,소공원,197,227,194,ok
737,힐스테이트백련산4차,1086,응암동행복어린이공원,어린이공원,84,85,93,ok
732,불광롯데캐슬(불광4),1127,불광동위령탑마을마당,기타공원,243,393,332,ok
721,"폭포동4-1단지(은평3-10,임대)",1093,향   림,근린공원,373,1138,903,ok
748,역촌동 44-2 행복주택(다세대),1108,역촌동동소공원,소공원,138,219,188,ok
724,북한산래미안(불광6),1087,북한산,근린공원,345,716,554,ok
708,"상림마을6-1단지(은평1-8,임대)",1112,불광동3구역소공원,소공원,138,199,189,ok
707,"상림마을6-2단지(은평1-7,임대)",1112,불광동3구역소공원,소공원,327,445,363,ok
706,"상림마을6-3단지(은평1-6,임대)",1101,상림,근린공원,168,185,154,ok
705,"상림마을6-4단지(은평1-5,임대)",1112,불광동3구역소공원,소공원,74,128,107,ok
726,북한산힐스테이트(불광7),1114,아미산자락소공원,소공원,278,423,351,ok
709,"상림마을7-1단지(은평1-9,임대)",1102,못자리골,근린공원,130,182,180,ok
704,"상림마을7-2단지(은평1-4,임대)",1102,못자리골,근린공원,132,212,172,ok
703,"상림마을7-3단지(은평1-3,임대)",1102,못자리골,근린공원,94,127,111,ok
710,"상림마을7-4단지(은평1-10,임대)",1102,못자리골,근린공원,156,229,213,ok
711,"상림마을7-5단지(은평1-11,임대)",1102,못자리골,근린공원,307,426,355,ok
702,"상림마을8-1단지(은평1-2,임대)",1103,덕수천,근린공원,103,215,179,ok
701,"상림마을8-2단지(은평1-1,임대)",1103,덕수천,근린공원,155,254,212,ok
712,"상림마을8-3단지(은평1-12,임대)",1103,덕수천,근린공원,287,406,362,ok
751,역촌동 85-9 행복주택(다세대),1108,역촌동동소공원,소공원,109,182,132,ok
722,"구파발9-1단지(은평3-3,임대)",1103,덕수천,근린공원,347,463,389,ok
754,DMC센트럴자이(증산2),1122,DMC소공원,소공원,303,606,491,ok
755,DMC센트럴자이(증산2)_2단지,1122,DMC소공원,소공원,303,606,491,ok
747,DMC롯데캐슬더퍼스트(수색4),1121,수색4구역 소공원,소공원,288,300,250,ok
761,DMC파인시티자이(수색6),1121,수색4구역 소공원,소공원,344,745,604,ok
760,DMC아트포레자이(수색7),1121,수색4구역 소공원,소공원,344,745,604,ok
762,DMC SK뷰 아이파크포레(수색13),1121,수색4구역 소공원,소공원,383,1158,1009,ok
753,DMC SK VIEW(수색9),1122,DMC소공원,소공원,266,550,446,ok
766,Lumino 816,1082,연신어린이공원,어린이공원,327,410,323,ok
699,불광SH-ville(불광1),1087,북한산,근린공원,390,726,563,ok
700,응암SH-ville(응암6),1115,놀뫼소공원,소공원,104,198,152,ok
743,백련산 SK VIEW 아이파크아파트(응암10구역),1085,매바위어린이공원,어린이공원,66,81,67,ok
764,THE STUDIO 163,1155,물빛공원,기타공원,224,289,240,ok
768,경희궁자이(돈의문1구역),1230,달바위공원,소공원,194,290,239,ok
767,무악현대(무악1),1234,의주공원,소공원,183,622,505,ok
772,종로구 충신동 연극인 두레주택 1호점,1221,흥인지문공원,근린공원,439,529,418,ok
771,종로구 충신동 연극인 두레주택 2호점,1221,흥인지문공원,근린공원,357,451,356,ok
823,청계로벤하임(숭인동 240-1),1249,동묘공원,역사공원,181,254,200,ok
775,제이타워오피스텔(창신동 255-1),1249,동묘공원,역사공원,283,404,357,ok
774,종로구 충신동 연극인 두레주택 3호점,1221,흥인지문공원,근린공원,410,512,406,ok
770,종로구 충신동 연극인 두레주택 4호점,1221,흥인지문공원,근린공원,405,458,361,ok
773,종로구 충신동 연극인 두레주택 5호점,1221,흥인지문공원,근린공원,395,466,367,ok
769,종로구 충신동 연극인 두레주택 6호점,1221,흥인지문공원,근린공원,318,432,342,ok
788,면목,1044,소담소공원,소공원,261,386,327,ok
811,상봉태솔,1019,봉  황,어린이공원,392,541,467,ok
794,신내데시앙,1017,능산공원,근린공원,250,385,320,ok
809,제이스타상봉,1020,상  봉,어린이공원,251,331,257,ok
792,청광플러스원,1023,중화리,어린이공원,169,285,224,ok
814,상봉동양엔파트,1019,봉  황,어린이공원,206,326,248,ok
793,묵동월드메르디앙,1028,소  망,어린이공원,274,431,324,ok
812,용마산모아엘가파크포레,1045,면목어울소공원,소공원,81,116,89,ok
795,묵동리본타워(묵동시프트),997,서  당,어린이공원,275,352,313,ok
817,세이지움 상봉,1020,상  봉,어린이공원,167,196,150,ok
800,신내 의료안심주택,1016,신내어울공원,근린공원,88,119,89,ok
805,한양수자인 사가정파크(면목1),1050,꿈마루,어린이공원,33,87,72,ok
815,가현 월디움 면목 1차,1004,양  지,어린이공원,264,428,363,ok
790,신내10,1032,꽃피울,어린이공원,123,164,136,ok
818,와이센트럴시티(상봉100),1019,봉  황,어린이공원,320,456,365,ok
813,월디움상봉(상봉동 102-3),1019,봉  황,어린이공원,268,395,328,ok
808,블리스다임빌(상봉동 104-33),1019,봉  황,어린이공원,261,362,306,ok
789,신내12,1033,신  현,어린이공원,308,465,397,ok
810,칼튼테라스(묵동 176-39외 3필지),1029,먹  골,어린이공원,80,115,89,ok
799,면목2코오롱하늘채,1042,빛길소공원,소공원,57,196,155,ok
806,사가정센트럴아이파크(면목3),1043,꽃가람소공원,소공원,136,168,212,ok
801,우디안3(행복주택),1018,구릉공원,근린공원,211,260,196,ok
798,신내3-1(신내우디안1단지),993,능말공원,근린공원,198,341,298,ok
796,신내3-2(신내데시앙포레),993,능말공원,근린공원,155,424,364,ok
803,우디안 4단지(신내3지구 4단지),1018,구릉공원,근린공원,229,517,381,ok
807,면목라온프라이빗(면목5),1043,꽃가람소공원,소공원,50,215,169,ok
804,신내 글로리움(신내동 640),998,은하수,어린이공원,221,339,312,ok
797,현대프레미어스엠코(상봉8),1035,등나무,어린이공원,444,646,558,ok
791,신내9,1017,능산공원,근린공원,175,475,389,ok
802,e편한세상화랑대,1041,마중소공원,소공원,98,119,99,ok
816,리버센SK뷰롯데캐슬(중화1),1025,배  꽃,어린이공원,166,172,131,ok
300,이문쌍용,1204,도란도란,소공원,508,665,591,ok
334,리스트안암,919,방아다리,어린이공원,580,755,629,ok
313,일성트루엘,896,안골,어린이공원,133,186,143,ok
308,답십리래미안,935,장이,소공원,339,406,338,ok
306,신이문어울림,1204,도란도란,소공원,330,639,486,ok
333,케이앤케이타워,917,동산,어린이공원,125,206,183,ok
312,청계한신휴플러스,940,간데메,근린공원,176,453,378,ok
325,동대문더퍼스트데시앙(장안동연립),935,장이,소공원,76,72,60,ok
338,힐스테이트 청량리 메트로블,941,푸르미르,기타(가로공원),400,508,386,ok
321,힐스테이트 청계(대농신안),703,용답휴식,근린공원,181,694,554,ok
318,휘경마을 두레주택,936,휘경마당,소공원,559,874,696,ok
330,청량리역 해링턴플레이스,941,푸르미르,기타(가로공원),100,192,170,ok
336,장안동 하트리움,905,미나리,어린이공원,241,290,223,ok
339,이문 아이파크 자이,934,휘경,어린이공원,712,1269,949,ok
324,휘경해모로프레스티지(휘경1),936,휘경마당,소공원,169,217,176,ok
335,래미안라그란데(이문1구역),908,천장,어린이공원,660,962,729,ok
295,이문현대(이문1),1025,배  꽃,어린이공원,429,840,697,ok
304,답십리대림(답십리10),915,장일,어린이공원,175,272,233,ok
319,동대문롯데캐슬노블레스(전농11구역),932,샛말,어린이공원,91,93,77,ok
301,답십리대우(답십리11),939,용두6구역 대체공원,소공원,346,409,384,ok
309,래미안용두1차(용두1),914,용머리,어린이공원,404,588,482,ok
322,답십리파크자이아파트(답십리14구역),917,동산,어린이공원,126,168,131,ok
316,래미안위브(답십리16),940,간데메,근린공원,294,470,392,ok
320,래미안미드카운티(답십리18구역),939,용두6구역 대체공원,소공원,291,454,422,ok
326,역세권 공공(휘경동 192-1외 2필지),936,휘경마당,소공원,74,95,73,ok
307,용두두산위브(용두2),914,용머리,어린이공원,136,187,192,ok
311,휘경센트레빌(휘경2),934,휘경,어린이공원,293,499,400,ok
298,제기한신(제기2),909,홍릉,근린공원,349,936,733,ok
328,써밋카운티(답십리동 243-6),939,용두6구역 대체공원,소공원,152,215,218,ok
337,휘경자이디센시아(휘경3구역),936,휘경마당,소공원,79,530,419,ok
305,이문대림(이문3),1204,도란도란,소공원,231,273,228,ok
331,하트리움(동대문구 휘경동 380),936,휘경마당,소공원,330,435,363,ok
317,용두롯데캐슬리치(용두4구역),931,솔바람,소공원,47,69,55,ok
303,이문중앙하이츠빌(이문4),934,휘경,어린이공원,467,681,545,ok
314,브라운스톤휘경(휘경4),929,내길,소공원,50,97,80,ok
291,청량리한신(청량리4),909,홍릉,근린공원,430,832,630,ok
302,홍릉동부(청량리5),909,홍릉,근린공원,488,703,568,ok
297,전농삼성(전농5),927,아름드리,어린이공원,445,754,568,ok
329,래미안엘리니티(용두6),918,용두희망,어린이공원,38,171,127,ok
310,래미안아름숲(전농6),927,아름드리,어린이공원,102,98,99,ok
292,전농동아(답십리6-4),925,꿈동산,어린이공원,225,327,298,ok
294,답십리청솔우성(답십리7),910,답십리,근린공원,289,588,438,ok
315,래미안크레시티(전농7),932,샛말,어린이공원,224,354,301,ok
293,답십리동아(답십리8),913,이슬,어린이공원,243,413,345,ok
299,답십리두산(답십리9),939,용두6구역 대체공원,소공원,297,383,295,ok
820,e편한세상답십리아르테포레(답십리17),902,쉼터,어린이공원,243,262,202,ok
327,e편한세상 청계센트럴포레(용두5),937,용두5구역,어린이공원,164,365,278,ok
296,전농SK(전농4),927,아름드리,어린이공원,348,438,383,ok
323,휘경SK VIEW(휘경2구역),934,휘경,어린이공원,257,353,269,ok
332,청량리역 롯데캐슬 SKY-L65,941,푸르미르,기타(가로공원),204,319,299,ok
433,동원베네스트,381,홍은6구역2,소공원,106,222,174,ok
445,래미안루센티아,385,가좌,어린이공원,193,313,254,ok
436,홍제금호어울림,406,상암곡,어린이공원,269,564,482,ok
441,연희파크푸르지오,413,연희1구역(연희파크푸르지오),어린이공원,280,312,229,ok
454,힐스테이트홍은포레스트,1111,백련산숲속소공원,소공원,153,384,294,ok
432,돈의문센트레빌(서대문센트레빌),368,기차길옆,소공원,674,1307,1026,ok
446,어바니엘 위드 더 스타일 충정로,368,기차길옆,소공원,309,424,371,ok
428,냉천동부(냉천),1231,솔빛공원,소공원,525,771,649,ok
452,서대문푸르지오센트럴파크(홍제1),421,홍은2구역(힐스테이트홍은포레스트),어린이공원,267,322,255,ok
429,가재울아이파크(가재울뉴타운1),361,중앙,근린공원,228,294,274,ok
420,홍제유원(홍제1),363,홍제,근린공원,102,121,100,ok
431,홍은센트레빌(홍은10),1091,백  련,근린공원,327,550,481,ok
447,힐스테이트 신촌(북아현1-1),397,명수,어린이공원,350,677,537,ok
451,아뜰리에모켄(창천동 112-23),365,독립문,문화공원,238,309,228,ok
439,북한산더샵(홍은12),409,실락,어린이공원,196,564,466,ok
435,북아현1-2구역(아현역푸르지오),404,북성,어린이공원,164,481,365,ok
455,서대문센트럴아이파크(홍은13),380,홍은6구역1,소공원,272,341,249,ok
448,연희동 136-21 행복주택(빈집정비),388,궁뜰,어린이공원,278,485,417,ok
443,북한산 두산위브(홍은14구역),381,홍은6구역2,소공원,54,145,112,ok
440,홍제센트럴아이파크아파트(홍제2구역),422,홍제1구역(푸르지오센트럴파크),어린이공원,38,258,201,ok
422,북가좌삼호(북가좌2),361,중앙,근린공원,162,222,203,ok
449,북한산 두산위브2차(홍은6),381,홍은6구역2,소공원,49,39,32,ok
453,스타타워(서대문구 남가좌동 269-1),398,모래내,어린이공원,178,208,206,ok
424,홍제원현대(홍제3),382,홍제2구역,소공원,251,282,236,ok
450,홍제역 해링턴 플레이스(홍제3구역),383,홍제제3구역 소공원,소공원,169,388,278,ok
425,독립문극동(현저4),358,독립,근린공원,250,709,616,ok
423,인왕산현대(홍제4),372,아름다운,소공원,270,452,406,ok
421,홍은벽산(홍은5-3),400,문화촌,어린이공원,174,353,309,ok
426,남가좌현대(남가좌6),385,가좌,어린이공원,35,101,79,ok
444,DMC에코자이,386,갈매연,어린이공원,101,339,267,ok
442,DMC센트럴아이파크,391,남가좌동,어린이공원,164,326,276,ok
430,DMC센트레빌(가재울뉴타운2),361,중앙,근린공원,242,270,250,ok
437,DMC파크뷰자이(가재울4),384,가재울,어린이공원,180,439,366,ok
427,DMC래미안클라시스(남가좌7),386,갈매연,어린이공원,0,0,0,ok
456,DMC가재울아이파크(가재울8),375,하늘,소공원,131,217,156,ok
434,DMC래미안e편한세상(가재울뉴타운3),390,나비울,어린이공원,151,496,395,ok
438,e편한세상신촌아파트(북아현1-3구역),404,북성,어린이공원,57,250,196,ok
683,준타워,964,영등포근린공원,근린공원,430,587,465,ok
661,신기목련,948,메낙골근린공원,근린공원,191,408,396,ok
682,한화포레나당산,947,당산근린공원,근린공원,352,440,349,ok
671,문래동모아미래도,980,꿈모아소공원,소공원,88,127,106,ok
685,소미더클래스한강,974,당산역소공원,소공원,265,366,327,ok
665,태승훼밀리아파트,953,양남어린이공원,어린이공원,385,506,428,ok
662,양평상록수(임대),953,양남어린이공원,어린이공원,429,548,458,ok
675,상아현대(당산센트럴아이파크),988,당찬어린이공원,어린이공원,119,191,154,ok
686,비스타 동원,968,꿈에그린어린이공원,어린이공원,361,503,434,ok
668,보라매 신동아 파밀리에,975,원두막소공원,소공원,222,303,255,ok
667,래미안프레비뉴(신길11),968,꿈에그린어린이공원,어린이공원,228,389,329,ok
674,신길12(신길센트럴자이),968,꿈에그린어린이공원,어린이공원,94,128,101,ok
679,신길역봉주르오피스텔(영등포동1가 31-3),964,영등포근린공원,근린공원,319,560,475,ok
670,영등포1-4구역(아크로타워스퀘어),984,아크로타워 역사공원,역사공원,168,373,273,ok
672,신길14구역(신길센트럴아이파크),973,옹기종기소공원,소공원,224,348,252,ok
666,영등포아트자이(도림16),976,도리미소공원,소공원,205,384,295,ok
663,신길삼성(신길2-3),948,메낙골근린공원,근린공원,137,338,278,ok
684,리오파크(영등포동2가 300-1),967,중마루근린공원,근린공원,190,255,196,ok
680,브라보(도림동 250-20),962,신우어린이공원,어린이공원,277,426,406,ok
681,더샵 파크프레스티지(신길3),948,메낙골근린공원,근린공원,162,500,360,ok
676,대림3(e편한세상영등포아델포레),989,도토리어린이공원,어린이공원,183,357,282,ok
673,신길5(보라매SK-VIEW),985,정담소공원,소공원,6,6,4,ok
669,신길7구역(래미안에스티움),990,소예소공원,소공원,248,382,327,ok
678,신길파크자이(신길8구역),990,소예소공원,소공원,91,209,167,ok
677,힐스테이트 클래시안(신길9),991,라온소공원,소공원,84,181,146,ok
687,신길 AK 푸르지오,983,아기자기소공원,소공원,348,576,480,ok
664,당산SH-VILLE,978,이음소공원,소공원,339,480,410,ok
784,만리동예술인협동조합,1630,손기정체육공원,체육공원,289,420,335,ok
780,중림삼성(충정삼성),1630,손기정체육공원,체육공원,130,690,554,ok
778,하왕한진그랑빌(하왕1-2),1628,신당제11구역2(가칭),소공원,68,600,479,ok
786,동대문역사문화공원역 166 tower,1604,쌍림어린이공원,어린이공원,117,186,170,ok
785,서울역센트럴자이(만리2구역),1630,손기정체육공원,체육공원,126,244,216,ok
776,약수하이츠동아(신당4),1607,청구어린이공원,어린이공원,230,391,323,ok
777,신당삼성(신당5),1613,동화어린이공원,어린이공원,220,427,370,ok
782,래미안신당하이베르(신당6),1612,꿈누리어린이공원,어린이공원,65,253,198,ok
783,청구e-편한세상(신당7),1613,동화어린이공원,어린이공원,243,310,258,ok
85,천호역 효성해링턴타워,1750,풍납타이어,기타,125,251,223,ok
262,상계마들,1580,대창,어린이공원,496,1216,1041,ok
264,온수연립주택,1588,갈대밭,어린이공원,220,727,587,ok
270,중계센트럴파크,1580,대창,어린이공원,659,1303,1089,ok
269,중계한화꿈에그린,1547,불암산<시공원>,기타,765,994,832,ok
271,수락리버타운(행복주택),1598,서울창포원,기타,532,801,663,ok
280,광운대역 현대프라힐스,1548,영축산<시공원>,근린공원,721,898,674,ok
251,월계사슴1,1548,영축산<시공원>,근린공원,212,587,522,ok
254,월계청백1,1570,창골,어린이공원,856,1445,1079,ok
250,공릉1,1548,영축산<시공원>,근린공원,1094,1805,1501,ok
824,"상계,장암1단지(수락산리버시티1단지)",1598,서울창포원,기타,464,1257,998,ok
257,양지대림1(중계4-1),1547,불암산<시공원>,기타,928,1524,1238,ok
274,월계센트럴아이파크(월계2),1548,영축산<시공원>,근린공원,200,288,332,ok
252,월계사슴2,1548,영축산<시공원>,근린공원,576,801,684,ok
825,"상계,장암2단지(수락산리버시티2단지)",1598,서울창포원,기타,577,1227,996,ok
256,양지대림2(중계4-2),1547,불암산<시공원>,기타,741,1111,922,ok
255,상계은빛3,1588,갈대밭,어린이공원,848,1250,977,ok
249,중계3,1547,불암산<시공원>,기타,1408,2157,1698,ok
260,상계동아불암(상계3-1),1547,불암산<시공원>,기타,1270,1688,1327,ok
261,상계불암현대(상계3-2),1547,불암산<시공원>,기타,1477,2010,1592,ok
265,"상계,장암3단지(수락산리버시티3단지)",1598,서울창포원,기타,606,951,834,ok
273,노원센트럴푸르지오(상계4),1547,불암산<시공원>,기타,1197,1569,1307,ok
272,녹천역 두산위브(월계4구역),1549,초안산<시공원>,근린공원,294,367,288,ok
248,중계4,1580,대창,어린이공원,1456,2098,1755,ok
266,"상계,장암4단지(수락산리버시티4단지)",1598,서울창포원,기타,621,936,798,ok
247,하계5,1548,영축산<시공원>,근린공원,960,1110,991,ok
278,노원 롯데캐슬시그니처(상계6),1547,불암산<시공원>,기타,1297,1781,1402,ok
259,상계불암대림(상계7),1547,불암산<시공원>,기타,1068,1535,1215,ok
275,포레나노원(상계8),1577,효자,어린이공원,1232,1977,1639,ok
253,학여울청구A(하계2),1549,초안산<시공원>,근린공원,963,1768,1447,ok
263,학여울청구B(하계2B),1548,영축산<시공원>,근린공원,774,1023,934,ok
282,도봉서광,1588,갈대밭,어린이공원,171,219,156,ok
281,도봉서원,1560,금성윗들,어린이공원,293,523,442,ok
288,초행지붕-창동,1576,물방울,어린이공원,228,368,312,ok
283,북한산코오롱하늘채(쌍문1),1590,쌍문1구역,소공원,3,67,55,ok
287,인히어쌍문(쌍문동 103-6외 1필지),1572,다람쥐,어린이공원,217,435,379,ok
286,창업지원주택(창동)_서울리츠2호,1577,효자,어린이공원,251,269,254,ok
284,방학동 393-16 두레주택(현물출자),1563,샘말,어린이공원,316,480,395,ok
285,방학동 394-11 두레주택(현물출자),1563,샘말,어린이공원,162,192,174,ok
290,초행지붕 쌍문(460-45),1553,꽃동네,어린이공원,242,268,205,ok
531,신금호파크자이(금호13),1607,청구어린이공원,어린이공원,388,1050,878,ok
534,왕십리자이(하왕1-5),1627,신당제11구역1(가칭),소공원,107,202,182,ok
594,마천대성,1766,거여6(거마재정비),소공원,172,212,217,ok
616,거여리본타운,1728,영풍,어린이공원,63,60,47,ok
611,문정공공원룸텔,1675,개나리,어린이공원,133,160,120,ok
610,송파래미안파인탑,1677,거북이,어린이공원,142,248,206,ok
618,잠실올림픽공원아이파크,1667,태양,근린공원,90,246,204,ok
628,문정역 마에스트로,1695,반딧불,어린이공원,192,313,236,ok
614,송파레미니스(1단지),1748,오금지구 수변공원,수변공원,197,300,257,ok
613,위례지구10블럭(위례포레샤인),1769,송례(위례 근린공원8호),근린공원,476,903,743,ok
599,장지10(송파파인타운10단지),1719,솔바람,어린이공원,175,348,291,ok
608,마천1(송파파크데일1단지),1687,도담,어린이공원,162,356,286,ok
607,장지1(송파파인타운1단지),1758,문정동136 어린이공원,어린이공원,127,201,152,ok
598,장지11(송파파인타운11단지),1700,버들,어린이공원,173,300,246,ok
622,위례포레샤인13단지(위례3블럭),1665,장지,근린공원,342,1021,871,ok
620,위례포레샤인18단지(위례13블럭),1698,배미골,어린이공원,451,671,600,ok
627,잠실센트럴파크(송파구 잠실동 187-10),1712,새마을,어린이공원,372,519,399,ok
596,오금현대백조(오금2),1674,가야금,어린이공원,84,208,163,ok
626,잠실엘타워(잠실동208-4외2필지),1712,새마을,어린이공원,202,250,191,ok
623,송파시그니처롯데캐슬(거여2-1),1718,섬굴,어린이공원,176,739,618,ok
615,송파레미니스 2단지(오금지구 2단지),1748,오금지구 수변공원,수변공원,172,328,253,ok
609,마천2(송파파크데일2단지),1739,초록,어린이공원,133,171,186,ok
605,장지2(송파파인타운2단지),1659,연화,근린공원,230,321,276,ok
619,거여2-2구역(e편한세상 송파 파크센트럴),1756,향유(거마재정비),근린공원,283,414,345,ok
621,풍납동269-28 행복주택(서울리츠2호),1723,아랫바람,어린이공원,218,353,294,ok
612,송파파크데일3단지(행복주택),1738,천상,어린이공원,119,236,181,ok
597,거여3,1698,배미골,어린이공원,55,175,153,ok
625,송파파크데일4단지(임대),1739,초록,어린이공원,77,213,183,ok
602,장지4(송파파인타운4단지),1664,장수,근린공원,130,207,181,ok
624,송파파크데일5단지(임대),1739,초록,어린이공원,72,148,137,ok
603,장지5(송파파인타운5단지),1719,솔바람,어린이공원,91,75,86,ok
595,거여6,1744,향나무,어린이공원,221,275,255,ok
604,장지6(송파파인타운6단지),1664,장수,근린공원,88,187,156,ok
600,장지7(송파파인타운7단지),1719,솔바람,어린이공원,63,60,74,ok
606,장지8(송파파인타운8단지),1719,솔바람,어린이공원,148,267,193,ok
601,장지9(송파파인타운9단지),1719,솔바람,어린이공원,92,163,127,ok
629,힐스테이트 e편한세상 문정,1767,문정동136 소공원,소공원,244,457,349,ok
779,남산타운(신당3),1608,충현어린이공원,어린이공원,440,1076,940,ok
779,남산타운(신당3),1610,늘푸른어린이공원,어린이공원,440,1076,940,ok
779,남산타운(신당3),1622,마루소공원,소공원,461,1231,1034,ok
779,남산타운(신당3),736,매봉,소공원,568,1151,875,ok
4,신사삼지래미안,243,명  주,근린공원,512,1139,1009,ok
4,신사삼지래미안,805,신사은행나무공원,어린이공원,569,679,550,ok
819,역세권 공공(강남구 삼성동 140-32외2),796,역삼나들이소공원,소공원,618,870,785,ok
819,역세권 공공(강남구 삼성동 140-32외2),880,개나리4차아파트소공원,소공원,627,902,767,ok
819,역세권 공공(강남구 삼성동 140-32외2),773,도성근린공원,근린공원,669,1017,878,ok
819,역세권 공공(강남구 삼성동 140-32외2),868,역삼미소공원,소공원,740,953,804,ok
819,역세권 공공(강남구 삼성동 140-32외2),774,송운근린공원,근린공원,777,1098,968,ok
819,역세권 공공(강남구 삼성동 140-32외2),782,학봉근린공원,근린공원,780,1313,1029,ok
4,신사삼지래미안,349,잠원성심,소공원,591,1143,1048,ok
4,신사삼지래미안,806,신사목련공원,어린이공원,631,733,592,ok
88,올림픽파크포레온,659,선린공원,어린이공원,776,831,646,ok
88,올림픽파크포레온,660,보람공원,어린이공원,793,730,566,ok
79,강동 리엔파크 11단지,648,벌말공원,근린공원,700,1216,965,ok
79,강동 리엔파크 11단지,650,강덕공원,근린공원,712,1196,912,ok
79,강동 리엔파크 11단지,645,꿈터공원,어린이공원,735,910,712,ok
76,고덕강일공공주택지구9단지(임대),645,꿈터공원,어린이공원,431,534,443,ok
168,봉천동아(봉천2-2),73,까치산,소공원,623,1124,889,ok
168,봉천동아(봉천2-2),31,새싹,어린이공원,678,1340,1053,ok
168,봉천동아(봉천2-2),30,중앙,어린이공원,763,1481,1147,ok
171,관악드림타운(봉천3),217,흐리목,소공원,525,1198,986,ok
171,관악드림타운(봉천3),15,은천,어린이공원,605,1259,1027,ok
171,관악드림타운(봉천3),1,상도근린공원,근린공원,642,1003,802,ok
171,관악드림타운(봉천3),17,국지,어린이공원,724,1077,902,ok
171,관악드림타운(봉천3),30,중앙,어린이공원,761,1243,1014,ok
171,관악드림타운(봉천3),31,새싹,어린이공원,762,1258,1026,ok
173,관악푸르지오(봉천7-2),205,개나리,어린이공원,607,1031,795,ok
173,관악푸르지오(봉천7-2),71,행운동,소공원,693,1027,791,ok
173,관악푸르지오(봉천7-2),73,까치산,소공원,720,1081,833,ok
262,상계마들,1549,초안산<시공원>,근린공원,520,1398,1225,ok
262,상계마들,1579,모랫,어린이공원,710,1172,1078,ok
262,상계마들,1552,월천근린공원,근린공원,720,1182,1086,ok
262,상계마들,1570,창골,어린이공원,750,1592,1380,ok
270,중계센트럴파크,1549,초안산<시공원>,근린공원,713,1485,1273,ok
271,수락리버타운(행복주택),1597,다락원체육공원,체육공원,679,996,798,ok
271,수락리버타운(행복주택),1583,무지개,어린이공원,682,1179,971,ok
824,"상계,장암1단지(수락산리버시티1단지)",1597,다락원체육공원,체육공원,475,1453,1133,ok
825,"상계,장암2단지(수락산리버시티2단지)",1597,다락원체육공원,체육공원,582,1422,1131,ok
265,"상계,장암3단지(수락산리버시티3단지)",1597,다락원체육공원,체육공원,732,1147,970,ok
265,"상계,장암3단지(수락산리버시티3단지)",1583,무지개,어린이공원,778,1325,1079,ok
266,"상계,장암4단지(수락산리버시티4단지)",1583,무지개,어린이공원,694,1284,1054,ok
266,"상계,장암4단지(수락산리버시티4단지)",1597,다락원체육공원,체육공원,786,1131,933,ok
371,더써밋 타워,182,사육신,역사공원,769,881,716,ok
371,더써밋 타워,209,태양,어린이공원,776,1277,979,ok
346,상도래미안1차(상도2),177,제비,어린이공원,657,1070,801,ok
346,상도래미안1차(상도2),220,영도,소공원,740,1165,935,ok
346,상도래미안1차(상도2),222,꽃담길,소공원,792,1263,1038,ok
344,사당신동아(사당5),211,희망,어린이공원,412,896,686,ok
344,사당신동아(사당5),226,새빛,소공원,478,736,612,ok
349,본동SH-ville(본동4),213,충효,소공원,361,907,726,ok
349,본동SH-ville(본동4),204,본동,어린이공원,421,776,648,ok
489,반포센트럴푸르지오써밋,236,명  달,근린공원,313,461,413,ok
515,하왕금호베스트빌(하왕1-3),701,무학봉,근린공원,0,0,0,onsite
531,신금호파크자이(금호13),733,금옥,소공원,460,1100,883,ok
531,신금호파크자이(금호13),1613,동화어린이공원,어린이공원,469,866,735,ok
531,신금호파크자이(금호13),1612,꿈누리어린이공원,어린이공원,529,924,758,ok
531,신금호파크자이(금호13),726,논골새싹,어린이공원,623,1058,885,ok
531,신금호파크자이(금호13),717,미소,어린이공원,666,1376,1092,ok
531,신금호파크자이(금호13),745,하왕1-5구역,소공원,675,1323,1100,ok
531,신금호파크자이(금호13),734,금남,소공원,698,981,774,ok
512,행당한진(금호1-6),722,도장골,소공원,0,0,0,onsite
529,왕십리텐즈힐2구역(왕십리뉴타운2),738,뉴타운2구역,기타,0,0,0,onsite
523,서울숲행당푸르지오(행당5),724,살구골,어린이공원,0,0,0,onsite
508,옥수극동그린(옥수5-2),166,한남공원,소공원,605,1618,1249,ok
508,옥수극동그린(옥수5-2),736,매봉,소공원,664,1308,1075,ok
508,옥수극동그린(옥수5-2),735,옥정,소공원,677,991,788,ok
509,옥수하이츠(옥수8),700,달맞이,근린공원,438,694,596,ok
543,동소문한진,1181,되너미,소공원,535,741,593,ok
579,래미안장위포레카운티(장위1구역),1165,맑은숲,어린이공원,652,764,628,ok
576,연극인맞춤형주택(성북동 186-12),1170,성북,근린공원,598,1178,964,ok
557,월곡2sh-ville(월곡2),1174,일신,어린이공원,347,634,552,ok
573,보문3구역(보문파크뷰자이),1192,숭인,근린공원,0,0,0,onsite
545,돈암풍림(돈암3-3),1167,매화,어린이공원,385,483,398,ok
567,희망하우징(정릉 380-3),1182,꿈빛,소공원,671,871,674,ok
567,희망하우징(정릉 380-3),1196,배밭골,어린이공원,734,824,662,ok
567,희망하우징(정릉 380-3),1163,솔숲,어린이공원,751,973,755,ok
617,송파헬리오시티(가락시영),1757,가락1(시영아파트),어린이공원,0,0,0,onsite
613,위례지구10블럭(위례포레샤인),1700,버들,어린이공원,505,1041,904,ok
613,위례지구10블럭(위례포레샤인),1719,솔바람,어린이공원,755,1512,1277,ok
622,위례포레샤인13단지(위례3블럭),1758,문정동136 어린이공원,어린이공원,558,847,758,ok
622,위례포레샤인13단지(위례3블럭),1753,위례 근린공원1호,근린공원,571,764,657,ok
639,수명산롯데캐슬,462,당뒤,어린이공원,399,466,338,ok
651,신정4지구보금자리주택(신정숲속마을),497,신정3동소공원,소공원,0,0,0,onsite
756,초행지붕-신사,1152,신사동2동 공공공지,기타공원,485,588,495,ok
749,힐스테이트녹번역(응암1),1124,은평마루소공원,소공원,252,442,365,ok
730,"구파발10-3단지(은평3-5,임대)",1095,물 푸 레,근린공원,490,728,590,ok
698,수색대림(수색2-1),1056,시루메어린이공원,어린이공원,609,2138,1712,ok
698,수색대림(수색2-1),1121,수색4구역 소공원,소공원,791,1127,924,ok
758,초행지붕_신사동 300-56 행복주택(빈집정비),1077,개나리어린이공원,근린공원,451,1042,843,ok
758,초행지붕_신사동 300-56 행복주택(빈집정비),1152,신사동2동 공공공지,기타공원,452,521,440,ok
718,"마고정3-1단지(은평2-11,임대)",1105,우물골,근린공원,451,599,526,ok
721,"폭포동4-1단지(은평3-10,임대)",1105,우물골,근린공원,630,918,759,ok
721,"폭포동4-1단지(은평3-10,임대)",1072,시내어린이공원,어린이공원,767,1222,932,ok
721,"폭포동4-1단지(은평3-10,임대)",1125,금암문화공원 (은평뉴타운제1호문화공원),주제공원,785,1203,927,ok
721,"폭포동4-1단지(은평3-10,임대)",1071,새장골어린이공원,어린이공원,799,1362,1032,ok
762,DMC SK뷰 아이파크포레(수색13),1538,가온문화공원,문화공원,754,1873,1573,ok
318,휘경마을 두레주택,929,내길,소공원,585,819,646,ok
318,휘경마을 두레주택,930,진달래,어린이공원,684,1129,967,ok
318,휘경마을 두레주택,916,아름,어린이공원,724,1598,1229,ok
318,휘경마을 두레주택,926,작은언덕,소공원,724,1041,895,ok
318,휘경마을 두레주택,924,휘봉,어린이공원,725,1591,1223,ok
318,휘경마을 두레주택,911,배봉산,근린공원,782,1272,1081,ok
318,휘경마을 두레주택,927,아름드리,어린이공원,793,1907,1466,ok
339,이문 아이파크 자이,908,천장,어린이공원,780,962,759,ok
335,래미안라그란데(이문1구역),1204,도란도란,소공원,745,911,737,ok
295,이문현대(이문1),1026,세  화,어린이공원,437,825,691,ok
295,이문현대(이문1),1204,도란도란,소공원,604,1009,938,ok
295,이문현대(이문1),1203,돌이음,소공원,706,1169,987,ok
295,이문현대(이문1),1022,봉  화,어린이공원,738,1078,911,ok
295,이문현대(이문1),1024,초  롱,어린이공원,750,1255,993,ok
298,제기한신(제기2),893,청량,근린공원,730,1050,843,ok
298,제기한신(제기2),919,방아다리,어린이공원,739,917,763,ok
291,청량리한신(청량리4),926,작은언덕,소공원,601,947,718,ok
432,돈의문센트레빌(서대문센트레빌),1231,솔빛공원,소공원,712,1024,821,ok
432,돈의문센트레빌(서대문센트레빌),1232,소담공원,소공원,723,1177,984,ok
432,돈의문센트레빌(서대문센트레빌),1230,달바위공원,소공원,755,1137,931,ok
432,돈의문센트레빌(서대문센트레빌),1217,월암공원,근린공원,785,1151,960,ok
